{"0": {"id": 0, "x": 7.055321988817729, "y": 6.46032198881773, "z": 3.0553219888177297}, "1": {"id": 1, "x": 18.18064397763546, "y": 17.58564397763546, "z": 14.18064397763546}}